model_name,accuracy,precision,recall,f1_score,roc_auc
Random Forest,0.95,0.95,1.0,0.9743589743589743,0.5576421052631578
Gradient Boosting,0.95,0.95,1.0,0.9743589743589743,0.5509052631578947
Logistic Regression,0.554,0.9565217391304348,0.5557894736842105,0.7030625832223701,0.5505684210526316
